x,y
-3.796236960454017e-18,2.1937074785379217e-48
-3.1120989598282093e-18,1.3719212560410783e-47
-2.5544975116961007e-18,3.6278435972903513e-47
-2.097808504700987e-18,6.795955968679651e-47
0.0019799999943357852,1.9719947975461754e-16
0.014879999984040567,1.1513704139902226e-14
0.034829999974333406,6.699048388435192e-14
0.054829999964703904,1.7481902328435355e-13
0.0748299999550744,3.4180598889870727e-13
0.0948299999454449,5.747038391790955e-13
0.1148299999358154,8.801312587102859e-13
0.13482999992618588,1.2645758084222987e-12
0.15482999991655638,1.734396523299106e-12
0.17482999990692688,2.2958264586236643e-12
0.19482999989729738,2.9549751857783177e-12
0.21482999988766788,3.7178312386008886e-12
0.23482999987803838,4.590264511275933e-12
0.25482999987675653,5.578028609163079e-12
0.2748299998764357,6.686763151477767e-12
0.29482999987611486,7.921996030417886e-12
0.314829999875794,9.28914562440567e-12
0.3348299998754732,1.079352296763593e-11
0.35482999987515235,1.2440333876687202e-11
0.3748299998748315,1.4234681035002115e-11
0.3948299998745107,1.6181566036071878e-11
0.41482999987418984,1.828589138614298e-11
0.434829999873869,2.0552462467248022e-11
0.45482999987354816,2.298598946134663e-11
0.4748299998732273,2.559108923634692e-11
0.4948299998729065,2.8372287194762767e-11
0.5148299998725848,3.1334019085747226e-11
0.5348299998722651,3.448063278122744e-11
0.5548299998719454,3.781639001685187e-11
0.5748299998716256,4.1345468098448e-11
0.5948299998713077,4.507196157529215e-11
0.6148299998709857,4.8999883880343e-11
0.6348299998706638,5.3133168938423165e-11
0.6548299998703419,5.7475672738693116e-11
0.6748299998700206,6.20311748779923e-11
0.6948299998697008,6.68033800744053e-11
0.7148299998693811,7.179591965082227e-11
0.7348299998690611,7.701235298906486e-11
0.7548299998687404,8.245616895513085e-11
0.7748299998684203,8.813078729616375e-11
0.7948299998680994,9.403956000989831e-11
0.8148299998677788,1.0018577268695535e-10
0.8348299998674585,1.0657264582653137e-10
0.8548299998671383,1.1320333612597394e-10
0.874829999866818,1.200809377448005e-10
0.894829999866498,1.2720848354366862e-10
0.9148299998661779,1.345889462987899e-10
0.9348299998658579,1.422252398922817e-10
0.9548299998655374,1.501202204789323e-10
0.9748299998652172,1.582766876298507e-10
0.9948299998648968,1.666973854534559e-10
1.0148299998645753,1.7538500369425876e-10
1.0348299998642534,1.8434217880987453e-10
1.0548299998639314,1.9357149502669663e-10
1.0748299998636095,2.0307548537465878e-10
1.0948299998632876,2.1285663270149452e-10
1.1148299998629656,2.2291737066690412e-10
1.1348299998626437,2.332600847170251e-10
1.1548299998623217,2.4388711303959885e-10
1.1748299998619998,2.548007475002131e-10
1.1948299998616778,2.6600323455999585e-10
1.2148299998613592,2.774967761758648e-10
1.2348299998610373,2.892835306828854e-10
1.2548299998607155,3.0136561365951874e-10
1.2748299998603936,3.137450987718576e-10
1.2948299998600716,3.2642401860354554e-10
1.3148299998597497,3.3940436546980446e-10
1.3348299998594277,3.5268809221530685e-10
1.3548299998591058,3.662771129962442e-10
1.3748299998587838,3.8017330404673047e-10
1.394829999858462,3.9437850443010073e-10
1.41482999985814,4.088945167754404e-10
1.434829999857818,4.2372310799949374e-10
1.454829999857496,4.388660100142332e-10
1.4748299998571741,4.5432492042038956e-10
1.4948299998568522,4.701015031872288e-10
1.5148299998565302,4.861973893188489e-10
1.5348299998562083,5.026141775072759e-10
1.5548299998558863,5.193534347726077e-10
1.5748299998555644,5.364166970904808e-10
1.5948299998552424,5.538054700071e-10
1.6148299998549205,5.715212292420807e-10
1.6348299998545985,5.895654212793525e-10
1.6548299998542766,6.07939463946354e-10
1.6748299998539546,6.266447469817503e-10
1.6948299998536327,6.456826325919035e-10
1.7148299998533107,6.650544559963214e-10
1.7348299998529888,6.847615259622942e-10
1.7548299998526669,7.048051253289458e-10
1.774829999852345,7.251865115209006e-10
1.794829999852023,7.459069170517737e-10
1.814829999851701,7.669675500176859e-10
1.834829999851379,7.883695945810014e-10
1.8548299998510576,8.101142114423446e-10
1.8748299998507356,8.322025383121657e-10
1.8948299998504137,8.546356903588515e-10
1.9148299998500917,8.774147606574429e-10
1.9348299998497698,9.005408206281875e-10
1.9548299998494478,9.240149204654602e-10
1.9748299998491259,9.47838089558214e-10
1.994829999848804,9.720113369021245e-10
2.014829999848482,9.965356515035703e-10
2.03482999984816,1.021412002775632e-09
2.054829999847838,1.0466413409262442e-09
2.074829999847516,1.0722245973386625e-09
2.094829999847194,1.0981626849443962e-09
2.1148299998468723,1.1244564985887519e-09
2.1348299998465503,1.1511069153891413e-09
2.1548299998462284,1.178114795086288e-09
2.1748299998459064,1.2054809803884826e-09
2.1948299998455845,1.2332062973090102e-09
2.2148299998452625,1.2612915554968974e-09
2.2348299998449406,1.2897375485611059e-09
2.2548299998446186,1.3185450543883046e-09
2.2748299998442967,1.3477148354543455e-09
2.2948299998439747,1.3772476391295682e-09
2.314829999843653,1.4071441979780582e-09
2.334829999843331,1.437405230050975e-09
2.354829999843009,1.4680314391740719e-09
2.374829999842687,1.499023515229511e-09
2.394829999842365,1.5303821344321105e-09
2.414829999842043,1.5621079596001021e-09
2.434829999841721,1.5942016404205382e-09
2.454829999841399,1.6266638137094332e-09
2.474829999841077,1.6594951036667512e-09
2.4948299998407553,1.6926961221263495e-09
2.5148299998404333,1.7262674688009605e-09
2.5348299998401114,1.7602097315223266e-09
2.5548299998397894,1.794523486476576e-09
2.5748299998394675,1.8292092984349326e-09
2.5948299998391455,1.8642677209798686e-09
2.6148299998388236,1.8996992967267588e-09
2.6348299998385016,1.9355045575411447e-09
2.6548299998381797,1.9716840247517097e-09
2.6748299998378577,2.0082382093590266e-09
2.694829999837536,2.0451676122401653e-09
2.714829999837214,2.0824727243492527e-09
2.734829999836892,2.1201540269140567e-09
2.75482999983657,2.1582119916286766e-09
2.774829999836248,2.1966470808424174e-09
2.794829999835926,2.2354597477449187e-09
2.814829999835604,2.2746504365476195e-09
2.834829999835282,2.314219582661624e-09
2.85482999983496,2.3541676128720503e-09
2.8748299998346383,2.3944949455089184e-09
2.8948299998343163,2.435201990614655e-09
2.9148299998339944,2.476289150108282e-09
2.9348299998336724,2.5177568179463485e-09
2.9548299998333505,2.5596053802806774e-09
2.9748299998330285,2.6018352156129847e-09
2.9948299998327066,2.6444466949464402e-09
3.0148299998323846,2.6874401819342162e-09
3.0348299998320627,2.730816033025106e-09
3.0548299998317407,2.774574597606246e-09
3.074829999831419,2.8187162181430172e-09
3.094829999831097,2.8632412303161724e-09
3.114829999830775,2.9081499631562494e-09
3.134829999830453,2.953442739175314e-09
3.154829999830131,2.9991198744961054e-09
3.174829999829809,3.0451816789786115e-09
3.194829999829487,3.0916284563441394e-09
3.214829999829165,3.1384605042969358e-09
3.2348299998288432,3.1856781146433872e-09
3.2548299998285213,3.233281573408864e-09
3.2748299998281993,3.2812711609522503e-09
3.2948299998278774,3.3296471520782006e-09
3.3148299998275554,3.378409816147178e-09
3.3348299998272335,3.4275594171833106e-09
3.3548299998269115,3.477096213980107e-09
3.3748299998265896,3.5270204602040837e-09
3.3948299998262677,3.5773324044963342e-09
3.4148299998259457,3.628032290572091e-09
3.4348299998256238,3.679120357318311e-09
3.454829999825302,3.730596838889329e-09
3.47482999982498,3.782461964800617e-09
3.494829999824658,3.834715960020682e-09
3.514829999824336,3.887359045061157e-09
3.534829999824014,3.940391436065079e-09
3.554829999823692,3.9938133448934535e-09
3.57482999982337,4.047624979210078e-09
3.594829999823048,4.101826542564692e-09
3.6148299998227262,4.156418234474487e-09
3.6348299998224043,4.211400250503988e-09
3.6548299998220823,4.266772782343368e-09
3.6748299998217604,4.322536017885199e-09
3.6948299998214384,4.378690141299687e-09
3.7148299998211165,4.43523533310842e-09
3.7348299998207946,4.492171770256645e-09
3.7548299998204726,4.5494996261841255e-09
3.7748299998201507,4.607219070894585e-09
3.7948299998198287,4.6653302710237806e-09
3.8148299998195068,4.723833389906225e-09
3.834829999819185,4.782728587640591e-09
3.854829999818863,4.842016021153815e-09
3.874829999818541,4.901695844263927e-09
3.894829999818219,4.961768207741654e-09
3.914829999817897,5.022233259370781e-09
3.934829999817575,5.083091144007328e-09
3.954829999817253,5.144342003637554e-09
3.974829999816931,5.205985977434812e-09
3.9948299998166092,5.268023201815267e-09
4.0148299998162935,5.330453810492526e-09
4.0348299998159805,5.393277934531177e-09
4.054829999815667,5.45649570239928e-09
4.074829999815354,5.52010724001978e-09
4.094829999815041,5.5841126708209575e-09
4.114829999814728,5.648512115785837e-09
4.134829999814415,5.7133056935006304e-09
4.154829999814102,5.778493520202222e-09
4.174829999813789,5.844075709824709e-09
4.194829999813476,5.910052374045028e-09
4.214829999813163,5.9764236223276655e-09
4.23482999981285,6.043189561968499e-09
4.254829999812537,6.1103502981377466e-09
4.274829999812224,6.1779059339220885e-09
4.294829999811911,6.2458565703659385e-09
4.3148299998115975,6.314202306511906e-09
4.3348299998112845,6.3829432394404556e-09
4.354829999810971,6.452079464308773e-09
4.374829999810658,6.5216110743888816e-09
4.394829999810345,6.591538161104969e-09
4.414829999810032,6.661860814070013e-09
4.434829999809719,6.732579121121654e-09
4.454829999809403,6.803693168356991e-09
4.474829999809082,6.8752030401661565e-09
4.494829999808769,6.947108819265013e-09
4.514829999808456,7.019410586730244e-09
4.534829999808143,7.092108422033142e-09
4.55482999980783,7.165202403071268e-09
4.574829999807517,7.238692606199494e-09
4.594829999807202,7.312579106260466e-09
4.6148299998068865,7.386861976614551e-09
4.634829999806573,7.461541289169235e-09
4.654829999806259,7.53661711440778e-09
4.674829999805945,7.612089521419762e-09
4.694829999805633,7.687958577928177e-09
4.71482999980532,7.764224350310557e-09
4.734829999805007,7.840886903633195e-09
4.754829999804694,7.917946301672618e-09
4.774829999804381,7.995402606941287e-09
4.794829999804068,8.073255880712715e-09
4.814829999803752,8.151506183046044e-09
4.834829999803439,8.23015357281006e-09
4.854829999803124,8.309198107706918e-09
4.874829999802811,8.388639844295356e-09
4.894829999802498,8.46847883801344e-09
4.9148299998021825,8.548715143200829e-09
4.934829999801868,8.629348813120566e-09
4.954829999801551,8.710379899980439e-09
4.974829999801236,8.791808454953895e-09
4.994829999800922,8.873634528200554e-09
5.014829999800603,8.955858168886293e-09
5.034829999800279,9.038479425202938e-09
5.054829999799956,9.121498344390563e-09
5.074829999799634,9.204914972753157e-09
5.09482999979931,9.288729355674587e-09
5.114829999798988,9.37294153763961e-09
5.134829999798664,9.45755156225167e-09
5.154829999798343,9.542559472250397e-09
5.17482999979802,9.627965309528678e-09
5.194829999797697,9.713769115149467e-09
5.214829999797375,9.7999709293622e-09
5.234829999797051,9.886570791618941e-09
5.254829999796728,9.973568740590153e-09
5.274829999796409,1.0060964814180207e-08
5.294829999796083,1.0148759049542503e-08
5.314829999795762,1.0236951483094455e-08
5.334829999795436,1.0325542150531946e-08
5.354829999795123,1.0414531086843752e-08
5.374829999794795,1.050391832632537e-08
5.394829999794464,1.0593703902592962e-08
5.4148299997941445,1.0683887848596723e-08
5.434829999793831,1.0774470196634019e-08
5.454829999793518,1.0865450978362363e-08
5.474829999793201,1.0956830224812099e-08
5.49482999979287,1.104860796639881e-08
5.514829999792539,1.114078423293558e-08
5.534829999792208,1.1233359053644829e-08
5.5548299997918775,1.1326332457170037e-08
5.574829999791547,1.1419704471587222e-08
5.594829999791216,1.15134751244162e-08
5.614829999790885,1.160764444263158e-08
5.634829999790554,1.1702212452673562e-08
5.654829999790223,1.1797179180458553e-08
5.6748299997898926,1.1892544651389518e-08
5.694829999789562,1.1988308890366159e-08
5.714829999789231,1.2084471921794891e-08
5.7348299997889,1.2181033769598614e-08
5.754829999788569,1.2277994457226273e-08
5.774829999788238,1.2375354007662277e-08
5.794829999787912,1.247311244343551e-08
5.814829999787581,1.2571269786627304e-08
5.83482999978725,1.2669826058879101e-08
5.8548299997869195,1.2768781281402961e-08
5.874829999786589,1.2868135474991528e-08
5.894829999786258,1.2967888660026174e-08
5.914829999785927,1.3068040856485049e-08
5.934829999785602,1.3168592083950973e-08
5.954829999785279,1.3269542361619187e-08
5.974829999784956,1.3370891708305128e-08
5.994829999784634,1.3472640142451849e-08
6.01482999978431,1.3574787682137272e-08
6.034829999783988,1.3677334345081328e-08
6.054829999783665,1.3780280148652992e-08
6.074829999783336,1.3883625109877207e-08
6.094829999783016,1.398736924544176e-08
6.114829999782692,1.4091512571703779e-08
6.134829999782369,1.4196055104696438e-08
6.154829999782046,1.4300996860135257e-08
6.174829999781724,1.4406337853424425e-08
6.194829999781401,1.4512078099662751e-08
6.21482999978107,1.4618217613648148e-08
6.2348299997807395,1.4724756409882912e-08
6.254829999780409,1.4831694502582395e-08
6.274829999780078,1.4939031905681074e-08
6.294829999779747,1.5046768632837967e-08
6.314829999779417,1.5154904697442004e-08
6.334829999779091,1.526344011261728e-08
6.354829999778765,1.537237489122836e-08
6.374829999778443,1.548170904588537e-08
6.394829999778126,1.55914425889489e-08
6.414829999777803,1.5701575532534856e-08
6.434829999777479,1.5812107888519298e-08
6.4548299997771545,1.5923039668543063e-08
6.474829999776828,1.6034370884016446e-08
6.494829999776505,1.6146101546123762e-08
6.5148299997761825,1.625823166582772e-08
6.5348299997758605,1.6370761253873907e-08
6.554829999775538,1.6483690320795026e-08
6.574829999775215,1.659701887691513e-08
6.594829999774892,1.6710746932353744e-08
6.614829999774571,1.6824874497029927e-08
6.634829999774246,1.6939401580666204e-08
6.654829999773924,1.7054328192792554e-08
6.674829999773603,1.716965434275011e-08
6.694829999773281,1.728538003969493e-08
6.714829999772959,1.7401505292601725e-08
6.7348299997726375,1.7518030110267386e-08
6.754829999772315,1.763495450131452e-08
6.774829999771994,1.775227847419493e-08
6.79482999977167,1.787000203719297e-08
6.814829999771345,1.7988125198428882e-08
6.834829999771027,1.810664796586204e-08
6.854829999770701,1.822557034729408e-08
6.874829999770375,1.8344892350372143e-08
6.894829999770062,1.8464613982591904e-08
6.914829999769742,1.8584735251300407e-08
6.934829999769411,1.8705256163699215e-08
6.95482999976908,1.8826176726847263e-08
6.974829999768749,1.89474969476636e-08
6.994829999768435,1.906921683293029e-08
7.014829999768122,1.919133638929487e-08
7.034829999767809,1.9313855623273273e-08
7.054829999767496,1.9436774541252327e-08
7.074829999767183,1.9560093149492336e-08
7.09482999976687,1.968381145412958e-08
7.114829999766557,1.9807929461178793e-08
7.134829999766244,1.9932447176535513e-08
7.154829999765931,2.005736460597851e-08
7.174829999765618,2.018268175517205e-08
7.194829999765304,2.030839862966819e-08
7.214829999764973,2.0434515234908933e-08
7.234829999764642,2.0561031576228604e-08
7.254829999764311,2.0687947658855776e-08
7.2748299997639805,2.0815263487915445e-08
7.29482999976365,2.0942979068431068e-08
7.314829999763319,2.1071094405326584e-08
7.334829999762988,2.1199609503428377e-08
7.354829999762657,2.1328524367467237e-08
7.374829999762326,2.1457839002080205e-08
7.3948299997619955,2.1587553411812468e-08
7.414829999761665,2.1717667601119168e-08
7.434829999761334,2.1848181574367188e-08
7.454829999761003,2.1979095335836895e-08
7.474829999760672,2.2110408889723856e-08
7.494829999760341,2.224212224014053e-08
7.5148299997600105,2.237423539111788e-08
7.534829999759685,2.2506748346606454e-08
7.554829999759354,2.263966111047713e-08
7.574829999759023,2.2772973686521712e-08
7.5948299997586926,2.2906686078456847e-08
7.614829999758362,2.304079828992632e-08
7.634829999758031,2.3175310324502385e-08
7.6548299997577,2.3310222185687065e-08
7.674829999757371,2.3445533876913474e-08
7.694829999757047,2.358124540154713e-08
7.714829999756726,2.3717356762887312e-08
7.734829999756403,2.3853867964168257e-08
7.754829999756077,2.3990779008560408e-08
7.774829999755755,2.4128089899171582e-08
7.794829999755431,2.4265800639048083e-08
7.81482999975511,2.4403911231175997e-08
7.8348299997547866,2.4542421678482246e-08
7.854829999754466,2.4681331983835856e-08
7.8748299997541436,2.4820642150048978e-08
7.894829999753821,2.496035217987812e-08
7.914829999753497,2.510046207602516e-08
7.934829999753174,2.5240971841138513e-08
7.954829999752933,2.5112438502319493e-08
7.974829999752736,1.6452397493163763e-08
7.994829999752378,-1.790789623147575e-08
8.014829999751898,-9.528367720773625e-08
8.034829999751201,-2.330801166653956e-07
8.05482999974964,-4.5371670991517425e-07
8.074829999746576,-7.82762979519456e-07
8.09482999974086,-1.2453475114661153e-06
8.114829999730892,-1.8662754335590258e-06
8.134829999714135,-2.6793157838470136e-06
8.15482999968601,-3.731526729103523e-06
8.174829999640682,-5.070150671203393e-06
8.19482999957026,-6.741494142634907e-06
8.214829999464595,-8.792220870272817e-06
8.234829999309268,-1.1279166689587336e-05
8.254829999085674,-1.4263719860405323e-05
8.274829998770919,-1.7806097476537162e-05
8.29482999833724,-2.1965607779406614e-05
8.314829997747875,-2.68157819140155e-05
8.33482999695229,-3.245142501852543e-05
8.354829995888778,-3.896728279125114e-05
8.374829994484188,-4.645622460289642e-05
8.394829992651328,-5.5012124022600235e-05
8.414829990279808,-6.474492762543945e-05
8.434829987237265,-7.576933231313174e-05
8.454829983370855,-8.819777792547374e-05
8.474829978501422,-0.00010214627864586325
8.494829972396206,-0.00011776513340602045
8.514829964775343,-0.00013521579863338693
8.534829955317667,-0.00015465656429457708
8.554829943658044,-0.0001762427463421822
8.574829929370072,-0.0002001390626115243
8.594829911946608,-0.00022652803192388233
8.614829890814622,-0.00025559058219439484
8.63482986533459,-0.0002875040645264351
8.654829834789584,-0.000322446562935931
8.674829798304167,-0.00036063644116074846
8.694829754852659,-0.0004023134387655475
8.714829703294093,-0.00044771288436298444
8.734829642367277,-0.0004970655741208721
8.754829570648242,-0.0005506117815752628
8.774829486497211,-0.0006086141900765581
8.794829388105589,-0.000671333392753851
8.81482927349767,-0.0007390248475003121
8.834829140497668,-0.0008119465513882736
8.854828986526776,-0.0008904073805498437
8.87482880867138,-0.0009747350583661107
8.894828603758182,-0.0010652509791965002
8.91482836834502,-0.0011622704529124356
8.934828098619324,-0.001266120676917753
8.954827790300165,-0.0013771529522720392
8.974827438751952,-0.0014957146203795123
8.99482703898981,-0.0016221462179381863
9.014826585640318,-0.001756786183716359
9.034826072553244,-0.0019000229291878776
9.054825492848718,-0.002052275246046532
9.074824839140984,-0.0022139544553191936
9.09482410352789,-0.0023854642540633844
9.114823277388602,-0.00256722171099373
9.134822351238732,-0.0027596671362039842
9.1548213149498,-0.002963234797185025
9.17482015775933,-0.0031783505309520054
9.19481886809936,-0.003405445935000829
9.21481743294536,-0.0036450093818240882
9.234815838243906,-0.0038975385821854035
9.254814069100869,-0.0041635216495632755
9.274812109763245,-0.004443437642818763
9.294809943326515,-0.004737775643993085
9.314807551535026,-0.0050470437589745926
9.334804915116502,-0.005371742612205275
9.354802013802807,-0.005712363218088408
9.374798826194196,-0.00606939414001843
9.394795328896087,-0.006443366121815674
9.414791496916564,-0.0068348227349441844
9.434787304046791,-0.007244297288867668
9.45478272283977,-0.007672313510108481
9.474777724222925,-0.008119402492456478
9.494772277380624,-0.008586104905515472
9.514766350128912,-0.009072952200849454
9.534759908931537,-0.009580465729402833
9.554752918764922,-0.010109161801128867
9.574745342608406,-0.010659569538728264
9.594737141816575,-0.011232214547590854
9.614728276283396,-0.01182761246434213
9.634718704423493,-0.012446269697640948
9.654708382480429,-0.01308870494811451
9.67469726422754,-0.01375545543077903
9.694685301759462,-0.01444705007913983
9.714672445551201,-0.015164007824635386
9.734658644313914,-0.01590684168873277
9.75464384453084,-0.016676070614274396
9.774627990858814,-0.017472207605727423
9.794611026273744,-0.018295755959109747
9.814592892031484,-0.01914721049238296
9.834573526854314,-0.020027076170861913
9.854552866961148,-0.02093586546085912
9.874530846761543,-0.021874081704029616
9.894507398889418,-0.022842218707293808
9.914482453943279,-0.02384076627486772
9.934455939642495,-0.024870226361750666
9.95442778158351,-0.025931096728677057
9.974397903512392,-0.027023865693658763
9.994366227320727,-0.02814901260205752
10.014332672745406,-0.029307013366907688
10.034297157396397,-0.030498339804797076
10.054259597038843,-0.03172345489282231
10.074219905619541,-0.03298281275583629
10.094177995145964,-0.0342768609435635
10.114133775471007,-0.0356060438752948
10.13408715459516,-0.036970798278311276
10.154038038741191,-0.03837155245631831
10.173986332241125,-0.03980872826558409
10.193931936679238,-0.04128275296017579
10.213874751402496,-0.042794051560948274
10.233814673971386,-0.04434304086322898
10.25375160018399,-0.045930129546645646
10.273685424030509,-0.04755571914576164
10.293616037602133,-0.049220205478827744
10.313543331256511,-0.05092397692316014
10.333467193669293,-0.05266741419738367
10.35338751166941,-0.05445089258703696
10.373304169403562,-0.056274791290481026
10.393217048996332,-0.058139485771905204
10.413126030912933,-0.060045344019118256
10.433030993987702,-0.061992726637256516
10.452931815484167,-0.06398198663024955
10.472828371115158,-0.06601346960747595
10.492720535043329,-0.06808751417180273
10.512608179890572,-0.07020445219123281
10.53249117587682,-0.07236461705258057
10.55236939035527,-0.07456834757708024
10.572242689029663,-0.07681597663012743
10.592110936088257,-0.0791078302239078
10.611973994350686,-0.08144422661530608
10.631831725416507,-0.08382547547793194
10.651683989493225,-0.08625187978844878
10.671530645398622,-0.08872373615065765
10.691371550756013,-0.09124133357771555
10.711206562239823,-0.09380495199447647
10.73103553528813,-0.09641486493760759
10.75085832408011,-0.09907134005137974
10.770674780975357,-0.10177464346806783
10.790484755062359,-0.10452505027534988
10.810288093719482,-0.10732283273204914
10.830084643070853,-0.11016825715763658
10.84987424811789,-0.11306158331692283
10.869656753969418,-0.11600305647343381
10.88943200549231,-0.11899291052613993
10.909199846495156,-0.12203137397299804
10.9289601197724,-0.1251186698870884
10.94871266772905,-0.12825501224207728
10.968457332351303,-0.1314406065716775
10.988193954707048,-0.13467565346818272
11.007922374951962,-0.1379603487752559
11.027642431685026,-0.141294887598825
11.047353959922482,-0.1446794760983369
11.067056793073487,-0.14811431942172298
11.086750763625306,-0.15159961780632294
11.106435703364957,-0.15513556556298377
11.126111445268723,-0.15872234098567584
11.1457778227395,-0.1623601113074988
11.165434668453237,-0.16604903942968563
11.185081814263505,-0.16978928460553397
11.204719088933482,-0.17358101431910633
11.224346318089172,-0.1774244040431031
11.243963326489478,-0.1813196252904237
11.263569938150557,-0.18526684514556757
11.283165976801037,-0.18926622422149056
11.302751268234928,-0.1933179055680381
11.32232563871053,-0.19742202317124852
11.341888913918611,-0.20157870724710714
11.361440918873555,-0.20578808489240413
11.380981475109868,-0.21005029303757372
11.4005104006311,-0.21436547816156917
11.420027512709519,-0.21873378323109322
11.439532628032307,-0.22315534717603783
11.459025563433821,-0.22763030186445604
11.478506138546246,-0.23215876098261617
11.49797417351455,-0.2367408305873852
11.517429488061136,-0.24137661336915392
11.536871901349484,-0.24606620933594076
11.556301228570495,-0.250809729869562
11.575717280888725,-0.2556072973973387
11.595119868847918,-0.2604590311917501
11.614508802548661,-0.26536504676665407
11.63388389241531,-0.2703254530163061
11.65324494994325,-0.2753403495836297
11.672591786433419,-0.28040983207250814
11.69192421284273,-0.2855339927582851
11.711242039144645,-0.2907129230757343
11.730545071419893,-0.29594672435421726
11.749833114196075,-0.3012354988153338
11.769105971653264,-0.3065793451350919
11.788363447760693,-0.3119783580715032
11.807605347658887,-0.3174326237207738
11.826831477213561,-0.3229422214006423
11.846041642057495,-0.3285072272123447
11.865235647667184,-0.33412771389284723
11.88441330072033,-0.3398037463246009
11.903574408956926,-0.3455353822943452
11.922718779995758,-0.3513226766743822
11.94184622130457,-0.35716568160983153
11.96095653777463,-0.3630644544394025
11.98004952686654,-0.3690190730409354
11.99912498449493,-0.3750296162866587
12.018182706379822,-0.38109615971043354
12.037222488857116,-0.3872187730872581
12.05624412989134,-0.39339751750275587
12.07524742755675,-0.39963245029222466
12.094232179811621,-0.4059236258384516
12.113198183695438,-0.4122710980453791
12.13214523097094,-0.41867493322139726
12.151073111262983,-0.4251352003806889
12.16998161406991,-0.4316519652558227
12.188870528918274,-0.4382252899426657
12.207739646942754,-0.4448552285109315
12.226588760358487,-0.4515418287504071
12.245417661355697,-0.4582851354687491
12.264226142120222,-0.46508519050070135
12.283013996136162,-0.471942029247819
12.30178101859552,-0.4788556797446603
12.320527004823253,-0.48582616714444954
12.33925175017579,-0.49285351406907146
12.357955048685412,-0.49993774424165294
12.376636688048656,-0.507078895537167
12.39529645413668,-0.5142770077565293
12.413934132848512,-0.5215321177553909
12.43254951027115,-0.5288442591100784
12.451142374389127,-0.5362134578908347
12.46971251450384,-0.5436397343417156
12.488259720026937,-0.5511231060504808
12.50678378044701,-0.5586635880938404
12.525284480677547,-0.5662612044075827
12.543761595256708,-0.5739160014755487
12.56221489738614,-0.5816280258867215
12.580644160350282,-0.5893973209187471
12.599049157958238,-0.5972239255797401
12.617429669468867,-0.6051078632412519
12.635785477880688,-0.6130491460720676
12.654116366415785,-0.621047783455377
12.672422117966128,-0.6291037833081634
12.690702506368927,-0.6372171717454025
12.708957297519992,-0.6453879899872883
12.727186257200842,-0.6536162764619107
12.745389151363797,-0.6619020662320972
12.76356574704738,-0.6702453890788815
12.781715813817625,-0.6786462665216223
12.799839121818783,-0.6871047162312678
12.817935441416584,-0.6956207528830041
12.836004543950278,-0.704194386639162
12.854046203564351,-0.7128256194308337
12.872060195208483,-0.7215144493392085
12.89004629368524,-0.7302608726467509
12.90800426448181,-0.7390649025515161
12.925933863768579,-0.7479265686298673
12.943834847583178,-0.756845897827521
12.961706972259343,-0.7658229136485669
12.979549995593127,-0.7748576339272653
12.997363678287105,-0.7839500681364593
13.01514778171791,-0.7931002219559472
13.03290206759722,-0.8023080980130335
13.050626297357374,-0.8115736971162338
13.068320225023324,-0.8208970318004877
13.085983599753353,-0.8302781211608548
13.103616170986937,-0.8397169809816258
13.121217688571866,-0.8492136235642803
13.138787904385682,-0.8587680548191339
13.15632657348128,-0.8683802723293503
13.173833451593367,-0.8780502700883758
13.191308294881177,-0.887778039039252
13.208750859428099,-0.8975635680237305
13.226160898532868,-0.9074068486042626
13.243538164697242,-0.9173078714618406
13.260882410887028,-0.9272666241880103
13.278193390543416,-0.937283091324159
13.295470857591672,-0.9473572544045884
13.312714566449678,-0.9574890919989327
13.329924272036182,-0.9676785797538179
13.347099729778968,-0.9779256904339272
13.364240695848899,-0.9882303935870665
13.381346927995434,-0.998592654227986
13.398418184802477,-1.0090124341606563
13.415454225389842,-1.0194896925290102
13.43245480941627,-1.0300243858602682
13.449419696576651,-1.0406164689162243
13.466348646125637,-1.0512658954740486
13.483241417771616,-1.0619726169139265
13.500097771797652,-1.0727365820696035
13.516917469067934,-1.0835577372633163
13.533700271034087,-1.0944360263401598
13.550445939741302,-1.1053713907018732
13.567154237834346,-1.116363769340092
13.583824928563446,-1.127413098869058
13.600457775790003,-1.1385193135577814
13.617052543992166,-1.149682345361674
13.63360899827027,-1.1609021239536657
13.650126904352504,-1.1721785767550321
13.666606028598997,-1.183511628964754
13.683046138007962,-1.1949012035898565
13.699447000221658,-1.206347221475257
13.715808383528332,-1.217849601330387
13.732130056869032,-1.2294082597588503
13.748411789841734,-1.241023111285796
13.76465335270578,-1.2526940683851355
13.78085451638628,-1.2644210415063715
13.79701505247837,-1.276203939100965
13.813134733251397,-1.2880426676482697
13.829213331652976,-1.2999371316810333
13.845250621312973,-1.3118872338104919
13.861246376547019,-1.3238928747507828
13.877200372361791,-1.3359539533443363
13.893112384456378,-1.3480703665840015
13.908982189227302,-1.3602420096375964
13.924809563772069,-1.3724687758710161
13.940594285892216,-1.384750556870677
13.956336134096775,-1.3970872424659406
13.972034887605531,-1.409478720751076
13.987690326352247,-1.4219248781069027
14.00330223098776,-1.4344255992220494
14.018870382883012,-1.446980767113859
14.034394564132072,-1.4595902631489988
14.049874557555004,-1.4722539670636763
14.0653101467007,-1.4849717569835434
14.080701115849656,-1.497743509443306
14.09604725001671,-1.5105690994059897
14.111348334953655,-1.5234484002818953
14.126604157151833,-1.5363812839472617
14.141814503844676,-1.5493676207625964
14.156979163010146,-1.5624072795907373
14.172097923373181,-1.575500127814619
14.187170574408063,-1.5886460313547635
14.202196906340731,-1.6018448546864696
14.217176710151039,-1.6150964608567417
14.232109777574932,-1.6284007115009076
14.246995901106686,-1.641757466859074
14.261834874001064,-1.655166585792263
14.276626490275198,-1.6686279257981322
14.291370544710757,-1.6821413430266994
14.306066832855938,-1.6957066922957122
14.320715151027407,-1.7093238271057667
14.335315296312208,-1.7229925996552031
14.349867066569647,-1.7367128608547693
14.364370260430249,-1.7504844603392846
14.378824677308222,-1.764307246491997
14.393230117388516,-1.7781810664446058
14.407586381637568,-1.7921057660995499
14.421893271802942,-1.8060811901416205
14.436150590414995,-1.8201071820512882
14.450358140788568,-1.834183584117902
14.46451572702456,-1.8483102374525693
14.478623154011519,-1.8624869820009158
14.49268022742723,-1.8767136565556521
14.50668675374023,-1.89099009876893
14.52064254021135,-1.905316145164518
14.534547394895204,-1.9196916311498118
14.548401126641588,-1.9341163910275894
14.562203545097027,-1.9485902580077303
14.57595446070613,-1.9631130642186454
14.589653684713008,-1.9776846407185706
14.603301029162678,-1.9923048175067206
14.616896306902374,-2.006973423534228
14.630439331582938,-2.0216902867149735
14.643929917660127,-2.036455233936245
14.657367880395919,-2.051268091069224
14.670753035859832,-2.0661286829793757
14.684085200930188,-2.0810368335366194
14.697364193295341,-2.0959923656253774
14.71058983145496,-2.1109951011545243
14.723761934721251,-2.126044861067157
14.736880323220184,-2.1411414653502345
14.749944817892656,-2.156284733044055
14.762955240496249,-2.171474482252306
14.77591141360392,-2.1867105301483782
14.788813160609594,-2.2019926929896716
14.801660305725806,-2.2173207861225097
14.814452673986082,-2.2326946239924443
14.827190091245784,-2.248114020152686
14.83987238418332,-2.263578787272843
14.852499380301296,-2.279088737147509
14.865070907927487,-2.2946436807045245
14.877586796216166,-2.3102434280135284
14.89004687514911,-2.325887788294133
14.90245097553666,-2.3415765699239404
14.914798929018806,-2.3573095804465827
14.92709056806624,-2.3730866265796133
14.939325725981439,-2.3889075142223084
14.951504236899689,-2.4047720484633746
14.963625935790152,-2.4206800335885483
14.97569065845688,-2.4366312730881337
14.98769824153989,-2.4526255696644146
14.999648522516157,-2.4686627252390045
15.011541339700662,-2.4847425409601076
15.023376532247351,-2.500864817209641
15.035153940150211,-2.5170293536103525
15.046873404244248,-2.533235949032842
15.058534766206503,-2.54948440160246
15.070137868557035,-2.5657745087061654
15.081682554659888,-2.5821060669992515
15.093168668724116,-2.598478872412078
15.104596055804922,-2.614892720156932
15.115964561804454,-2.6313474047343153
15.127274033469735,-2.647842719934955
15.13852431840427,-2.664378458861745
15.149715265054793,-2.6809544139153836
15.16084672272043,-2.6975703768125183
15.171918541552701,-2.7142261385906377
15.182930572555662,-2.7309214896129954
15.19388266758705,-2.7476562195749747
15.204774679359247,-2.7644301175101536
15.215606461440228,-2.78124297179627
15.226377868254506,-2.7980945701611084
15.237088755084079,-2.814984699688364
15.24773897806932,-2.831913146823414
15.258328394209949,-2.8488796973790698
15.26885686136596,-2.865884136541258
15.279324238258546,-2.88292624887467
15.28973038447103,-2.900005818328353
15.300075160449763,-2.9171226282412084
15.310358427505069,-2.934276461347481
15.320580047812117,-2.951467099782218
15.330739884411885,-2.968694325086646
15.340837801212048,-2.9859579182135163
15.350873662987883,-3.003257659532409
15.360847335383177,-3.020593328834983
15.370758684911108,-3.037964705340189
15.380607578955184,-3.0553715676994466
15.390393885770099,-3.0728136940017725
15.400117474482654,-3.090290861778884
15.409778215092617,-3.107802848010197
15.419375978473637,-3.1253494291279007
15.428910636374125,-3.142930381021928
15.43838206141812,-3.160545479044867
15.447790127106188,-3.1781944980168984
15.457134707816262,-3.1958772122306076
15.466415678804546,-3.213593395455871
15.475632916206376,-3.231342820944639
15.48478629703707,-3.2491252614357093
15.493875699192841,-3.266940489159496
15.50290100145159,-3.2847882758426694
15.511862083473797,-3.3026683927128677
15.520758825803377,-3.3205806105033506
15.529591109868507,-3.338524699457602
15.538358817982507,-3.356500429333935
15.547061833344658,-3.374507569410023
15.555700040041035,-3.3925458884874677
15.564273323045384,-3.410615154896287
15.572781568219902,-3.4287151364994024
15.5812246623161,-3.4468456006970922
15.589602492975624,-3.465006314431443
15.59791494873106,-3.483197044190702
15.606161919006754,-3.5014175560136973
15.61434329411966,-3.51966761549424
15.622458965280114,-3.537946987785401
15.630508824592662,-3.5562554376038613
15.638492765056826,-3.574592729234182
15.646410680567943,-3.592958626533084
15.654262465917942,-3.611352892933721
15.662048016796128,-3.629775291449886
15.669767229789969,-3.648225584680264
15.677420002385906,-3.6667035348126222
15.685006232970077,-3.68520890362793
15.692525820829125,-3.7037414525045733
15.69997866615095,-3.722300942422482
15.707364670025486,-3.7408871339672514
15.714683734445453,-3.7594997873342573
15.721935762307098,-3.7781386623327213
15.72912065741095,-3.796803518389828
15.736238324462578,-3.815494114554741
15.743288669073305,-3.8342102095026744
15.750271597760964,-3.852951561538912
15.757187017950603,-3.8717179286028327
15.764034837975231,-3.8905090682718844
15.770814967076513,-3.9093247377655733
15.777527315405493,-3.9281646939494594
15.78417179402331,-3.9470286933391234
15.790748314901888,-3.9659164921040824
15.797256790924626,-3.9848278460717466
15.803697135887102,-4.00376251073132
15.810069264497741,-4.022720241237716
15.816373092378516,-4.041700792415465
15.822608536065589,-4.060703918762597
15.828775513010006,-4.079729374454506
15.834873941578348,-4.098776913347865
15.840903741053385,-4.117846288984426
15.846864831634713,-4.136937254594854
15.852757134439413,-4.156049563102605
15.858580571502673,-4.17518296712773
15.864335065778436,-4.194337218990693
15.870020541140004,-4.213512070716175
15.875636922380655,-4.23270727403687
15.881184135214262,-4.251922580397267
15.886662106275896,-4.2711577409574435
15.892070763122419,-4.290412506596824
15.897410034233067,-4.309686627917939
15.902679849010047,-4.328979855250195
15.907880137779093,-4.348291938653606
15.91301083179006,-4.36762262792255
15.91807186321746,-4.386971672589464
15.923063165161027,-4.406338821928592
15.927984671646271,-4.425723824959704
15.932836317625014,-4.445126430451826
15.93761803897592,-4.464546386926905
15.942329772505019,-4.483983442663528
15.94697145594623,-4.5034373457006
15.951543027961863,-4.52290784384105
15.956044428143132,-4.542394684655456
15.96047559701064,-4.561897615485776
15.964836476014876,-4.581416383448983
15.969127007536677,-4.6009507354407475
15.973347134887735,-4.620500418139095
15.977496802311022,-4.640065178008024
15.981575954981265,-4.659644761301178
15.985584539005405,-4.679238914065465
15.989522501422998,-4.698847382144706
15.993389790206681,-4.718469911183262
15.997186354262592,-4.738106246629643
16.000912143430774,-4.757756133740181
16.004567108485606,-4.777419317582571
16.00815120113613,-4.7970955430395446
16.011664374026545,-4.816784554812421
16.015106580736532,-4.836486097424809
16.018477775781616,-4.85619991522617
16.02177791461354,-4.875925752395184
16.025006953620633,-4.8956633529436155
16.02816485012815,-4.915412460719857
16.031251562398612,-4.935172819412459
16.034267049632145,-4.954944172553711
16.037211271966786,-4.974726263523273
16.040084190478783,-4.994518835551642
16.042885767182955,-5.014321631723843
16.045615965032905,-5.034134394982883
16.048274747921365,-5.0539568681333975
16.050862080680442,-5.073788793845159
16.0533779290819,-5.093629914656647
16.055822259837427,-5.113479972978623
16.05819504059884,-5.133338711097604
16.06049623995838,-5.15320587117954
16.0627258274489,-5.173081195273202
16.064883773544096,-5.192964425313858
16.06697004965873,-5.212855303126717
16.068984628148826,-5.232753570430493
16.070927482311845,-5.25265896884099
16.07279859162665,-5.27257123938816
16.074597969464698,-5.292490120089356
16.0763256421791,-5.312415348232977
16.077981636127085,-5.33234666164195
16.079565977673013,-5.352283798663077
16.081078699839924,-5.372226497654527
16.082519852588103,-5.392174496327704
16.083889488128246,-5.412127532980534
16.085187658215528,-5.43208534669911
16.086414414384738,-5.452047677327262
16.08756983436463,-5.472014263939248
16.0886540464247,-5.491984843855759
16.08966718273711,-5.5119591557216845
16.090609373454786,-5.5319369398337415
16.09148074777709,-5.551917938054032
16.092281463072503,-5.5719018926271735
16.093011708313973,-5.5918885464136405
16.093671671117338,-5.611877644419008
16.094261535946064,-5.631868933814084
16.09478148772183,-5.651862163786158
16.09523176131787,-5.671857084426949
16.095612628015314,-5.6918534476329095
16.09592435514459,-5.71185100823905
16.09616720515332,-5.731849523956206
16.096341440634387,-5.751848755246569
16.096447370182197,-5.771848465067508
16.09648532632625,-5.791848419493897
16.09645563560058,-5.811848387989477
16.096358618307807,-5.831848143301764
16.096194600788227,-5.851847461466846
16.095963959411176,-5.871846122362606
16.09566707932904,-5.891843909726561
16.095304338078233,-5.911840610956443
16.094876105804914,-5.931836016987979
16.094382770806092,-5.951829922819459
16.0938247787503,-5.971822128787006
16.093202576417738,-5.99181243952748
16.092516601462734,-6.011800663613964
16.091767285095496,-6.031786613511065
16.090955106767765,-6.051770107701673
16.090080592620563,-6.071750971147254
16.089144260099165,-6.091729033255909
16.088146615740314,-6.111704127622881
16.087088168705833,-6.13167609258603
16.085969501011306,-6.151644775146048
16.08479121433738,-6.171610028635909
16.08355389735105,-6.191571710897321
16.082258126415574,-6.21152968412108
16.080904500949348,-6.231483817068169
16.079493667162183,-6.251433986932727
16.0780262627284,-6.2713800757643785
16.07650291127794,-6.29132196989382
16.074924228447035,-6.311259560203178
16.073290886761022,-6.331192747307336
16.071603590893673,-6.351121439989509
16.069863030564317,-6.371045551389491
16.068069880068784,-6.3909649987313735
16.066224817430626,-6.410879704881191
16.064328569899747,-6.430789602636412
16.062381862010536,-6.450694630083659
16.060385401970713,-6.470594729137202
16.058339903121976,-6.490489847521573
16.056246125027158,-6.510379943057058
16.05410482138638,-6.530264978427815
16.051916728811644,-6.55014491981357
16.04968256809945,-6.570019736793872
16.047403088201175,-6.589889407184712
16.045079086519635,-6.609753919563986
16.042711347482715,-6.629613266314798
16.04030063767629,-6.649467442831499
16.037847709495576,-6.669316447733149
16.035353356823887,-6.68916028966774
16.03281840646867,-6.708998986454454
16.03024366805843,-6.728832558773413
16.02762993281489,-6.748661029767946
16.024977985857852,-6.768484426460185
16.022288668936742,-6.7883027881215465
16.019562833321483,-6.808116160115709
16.016801310966216,-6.827924589856157
16.014004914991883,-6.847728126630165
16.011174461188766,-6.867526824449091
16.008310809139612,-6.887320747904785
16.005414810355926,-6.90710996477798
16.002487297150463,-6.926894544232895
15.999529084053261,-6.946674556802225
15.996541015922105,-6.966450081455792
15.993523990244585,-6.98622120906323
15.990478890052694,-7.00598803227214
15.987406578620728,-7.025750644481646
15.984942210204121,-7.04147874881765
15.984281611842121,-7.0456770948950265
15.984281611840665,-7.045677094904281
15.984281611839208,-7.045677094913536
15.984281611837751,-7.045677094922778
15.984281611836295,-7.045677094932015
15.984281611834838,-7.045677094941252
15.984281611833381,-7.045677094950489
15.984281611831925,-7.045677094959726
15.984281611830468,-7.045677094968963
15.984281611829012,-7.0456770949782
15.984281611828001,-7.045677094984615
15.984281611828001,-7.045677094984633
15.984281611828001,-7.0456770949846454
15.984281611828001,-7.0456770949846454
15.984281611828001,-7.0456770949846454
15.984281611828001,-7.0456770949846454
15.984281611828001,-7.0456770949846454
15.984281611828001,-7.0456770949846454
15.984281611828001,-7.0456770949846454
15.984281611828001,-7.0456770949846454
15.984281611828001,-7.0456770949846454
15.984281611828001,-7.0456770949846454
15.984281611828001,-7.0456770949846454
15.984281611828001,-7.0456770949846454
15.984281611828001,-7.0456770949846454
15.984281611828001,-7.0456770949846454
15.984281611828001,-7.0456770949846454
15.984281611828001,-7.0456770949846454
15.984281611828001,-7.0456770949846454
15.984281611828001,-7.0456770949846454
15.984281611828001,-7.0456770949846454
15.984281611828001,-7.0456770949846454
15.984281611828001,-7.0456770949846454
15.984281611828001,-7.0456770949846454
15.984281611828001,-7.0456770949846454
15.984281611828001,-7.0456770949846454
15.984281611828001,-7.0456770949846454
15.984281611828001,-7.0456770949846454
15.984281611828001,-7.0456770949846454
15.984281611828001,-7.0456770949846454
15.984281611828001,-7.0456770949846454
15.984281611828001,-7.0456770949846454
15.984281611828001,-7.0456770949846454
15.984281611828001,-7.0456770949846454
15.984281611828001,-7.0456770949846454
15.984281611828001,-7.0456770949846454
15.984281611828001,-7.0456770949846454
15.984281611828001,-7.0456770949846454
15.984281611828001,-7.0456770949846454
15.984281611828001,-7.0456770949846454
15.984281611828001,-7.0456770949846454
15.984281611828001,-7.0456770949846454
15.984281611828001,-7.0456770949846454
15.984281611828001,-7.0456770949846454
15.984281611828001,-7.0456770949846454
15.984281611828001,-7.0456770949846454
15.984281611828001,-7.0456770949846454
15.984281611828001,-7.0456770949846454
15.984281611828001,-7.0456770949846454
15.984281611828001,-7.0456770949846454
15.984281611828001,-7.0456770949846454
15.984281611828001,-7.0456770949846454
15.984281611828001,-7.0456770949846454
15.984281611828001,-7.0456770949846454
15.984281611828001,-7.0456770949846454
15.984281611828001,-7.0456770949846454
15.984281611828001,-7.0456770949846454
15.984281611828001,-7.0456770949846454
15.984281611828001,-7.0456770949846454
15.984281611828001,-7.0456770949846454
15.984281611828001,-7.0456770949846454
15.984281611828001,-7.0456770949846454
15.984281611828001,-7.0456770949846454
15.984281611828001,-7.0456770949846454
15.984281611828001,-7.0456770949846454
15.984281611828001,-7.0456770949846454
15.984281611828001,-7.0456770949846454
15.984281611828001,-7.0456770949846454
15.984281611828001,-7.0456770949846454
15.984281611828001,-7.0456770949846454
15.984281611828001,-7.0456770949846454
15.984281611828001,-7.0456770949846454
15.984281611828001,-7.0456770949846454
15.984281611828001,-7.0456770949846454
15.984281611828001,-7.0456770949846454
15.984281611828001,-7.0456770949846454
15.984281611828001,-7.0456770949846454
15.984281611828001,-7.0456770949846454
15.984281611828001,-7.0456770949846454
15.984281611828001,-7.0456770949846454
15.984281611828001,-7.0456770949846454
15.984281611828001,-7.0456770949846454
15.984281611828001,-7.0456770949846454
15.984281611828001,-7.0456770949846454
15.984281611828001,-7.0456770949846454
15.984281611828001,-7.0456770949846454
15.984281611828001,-7.0456770949846454
15.984281611828001,-7.0456770949846454
15.984281611828001,-7.0456770949846454
15.984281611828001,-7.0456770949846454
15.984281611828001,-7.0456770949846454
15.984281611828001,-7.0456770949846454
15.984281611828001,-7.0456770949846454
15.984281611828001,-7.0456770949846454
15.984281611828001,-7.0456770949846454
15.984281611828001,-7.0456770949846454
15.984281611828001,-7.0456770949846454
15.984281611828001,-7.0456770949846454
15.984281611828001,-7.0456770949846454
15.984281611828001,-7.0456770949846454
15.984281611828001,-7.0456770949846454
15.984281611828001,-7.0456770949846454
15.984281611828001,-7.0456770949846454
15.984281611828001,-7.0456770949846454
15.984281611828001,-7.0456770949846454
15.984281611828001,-7.0456770949846454
15.984281611828001,-7.0456770949846454
15.984281611828001,-7.0456770949846454
15.984281611828001,-7.0456770949846454
15.984281611828001,-7.0456770949846454
15.984281611828001,-7.0456770949846454
15.984281611828001,-7.0456770949846454
15.984281611828001,-7.0456770949846454
15.984281611828001,-7.0456770949846454
15.984281611828001,-7.0456770949846454
15.984281611828001,-7.0456770949846454
15.984281611828001,-7.0456770949846454
15.984281611828001,-7.0456770949846454
15.984281611828001,-7.0456770949846454
15.984281611828001,-7.0456770949846454
15.984281611828001,-7.0456770949846454
15.984281611828001,-7.0456770949846454
15.984281611828001,-7.0456770949846454
15.984281611828001,-7.0456770949846454
15.984281611828001,-7.0456770949846454
15.984281611828001,-7.0456770949846454
15.984281611828001,-7.0456770949846454
15.984281611828001,-7.0456770949846454
15.984281611828001,-7.0456770949846454
15.984281611828001,-7.0456770949846454
15.984281611828001,-7.0456770949846454
15.984281611828001,-7.0456770949846454
15.984281611828001,-7.0456770949846454
15.984281611828001,-7.0456770949846454
15.984281611828001,-7.0456770949846454
15.984281611828001,-7.0456770949846454
15.984281611828001,-7.0456770949846454
15.984281611828001,-7.0456770949846454
15.984281611828001,-7.0456770949846454
15.984281611828001,-7.0456770949846454
15.984281611828001,-7.0456770949846454
15.984281611828001,-7.0456770949846454
15.984281611828001,-7.0456770949846454
15.984281611828001,-7.0456770949846454
15.984281611828001,-7.0456770949846454
15.984281611828001,-7.0456770949846454
15.984281611828001,-7.0456770949846454
15.984281611828001,-7.0456770949846454
15.984281611828001,-7.0456770949846454
15.984281611828001,-7.0456770949846454
15.984281611828001,-7.0456770949846454
15.984281611828001,-7.0456770949846454
15.984281611828001,-7.0456770949846454
15.984281611828001,-7.0456770949846454
15.984281611828001,-7.0456770949846454
15.984281611828001,-7.0456770949846454
15.984281611828001,-7.0456770949846454
15.984281611828001,-7.0456770949846454
15.984281611828001,-7.0456770949846454
15.984281611828001,-7.0456770949846454
15.984281611828001,-7.0456770949846454
15.984281611828001,-7.0456770949846454
15.984281611828001,-7.0456770949846454
15.984281611828001,-7.0456770949846454
15.984281611828001,-7.0456770949846454
15.984281611828001,-7.0456770949846454
15.984281611828001,-7.0456770949846454
15.984281611828001,-7.0456770949846454
15.984281611828001,-7.0456770949846454
15.984281611828001,-7.0456770949846454
15.984281611828001,-7.0456770949846454
15.984281611828001,-7.0456770949846454
15.984281611828001,-7.0456770949846454
15.984281611828001,-7.0456770949846454
15.984281611828001,-7.0456770949846454
15.984281611828001,-7.0456770949846454
15.984281611828001,-7.0456770949846454
15.984281611828001,-7.0456770949846454
15.984281611828001,-7.0456770949846454
15.984281611828001,-7.0456770949846454
15.984281611828001,-7.0456770949846454
15.984281611828001,-7.0456770949846454
15.984281611828001,-7.0456770949846454
15.984281611828001,-7.0456770949846454
15.984281611828001,-7.0456770949846454
15.984281611828001,-7.0456770949846454
15.984281611828001,-7.0456770949846454
15.984281611828001,-7.0456770949846454
15.984281611828001,-7.0456770949846454
15.984281611828001,-7.0456770949846454
15.984281611828001,-7.0456770949846454
15.984281611828001,-7.0456770949846454
15.984281611828001,-7.0456770949846454
15.984281611828001,-7.0456770949846454
15.984281611828001,-7.0456770949846454
15.984281611828001,-7.0456770949846454
15.984281611828001,-7.0456770949846454
15.984281611828001,-7.0456770949846454
15.984281611828001,-7.0456770949846454
15.984281611828001,-7.0456770949846454
15.984281611828001,-7.0456770949846454
15.984281611828001,-7.0456770949846454
15.984281611828001,-7.0456770949846454
15.984281611828001,-7.0456770949846454
15.984281611828001,-7.0456770949846454
15.984281611828001,-7.0456770949846454
15.984281611828001,-7.0456770949846454
15.984281611828001,-7.0456770949846454
15.984281611828001,-7.0456770949846454
15.984281611828001,-7.0456770949846454
15.984281611828001,-7.0456770949846454
15.984281611828001,-7.0456770949846454
15.984281611828001,-7.0456770949846454
15.984281611828001,-7.0456770949846454
15.984281611828001,-7.0456770949846454
15.984281611828001,-7.0456770949846454
15.984281611828001,-7.0456770949846454
15.984281611828001,-7.0456770949846454
15.984281611828001,-7.0456770949846454
15.984281611828001,-7.0456770949846454
15.984281611828001,-7.0456770949846454
15.984281611828001,-7.0456770949846454
15.984281611828001,-7.0456770949846454
15.984281611828001,-7.0456770949846454
15.984281611828001,-7.0456770949846454
15.984281611828001,-7.0456770949846454
15.984281611828001,-7.0456770949846454
15.984281611828001,-7.0456770949846454
15.984281611828001,-7.0456770949846454
15.984281611828001,-7.0456770949846454
15.984281611828001,-7.0456770949846454
15.984281611828001,-7.0456770949846454
15.984281611828001,-7.0456770949846454
15.984281611828001,-7.0456770949846454
15.984281611828001,-7.0456770949846454
15.984281611828001,-7.0456770949846454
15.984281611828001,-7.0456770949846454
15.984281611828001,-7.0456770949846454
15.984281611828001,-7.0456770949846454
15.984281611828001,-7.0456770949846454
15.984281611828001,-7.0456770949846454
15.984281611828001,-7.0456770949846454
15.984281611828001,-7.0456770949846454
15.984281611828001,-7.0456770949846454
15.984281611828001,-7.0456770949846454
15.984281611828001,-7.0456770949846454
15.984281611828001,-7.0456770949846454
15.984281611828001,-7.0456770949846454
15.984281611828001,-7.0456770949846454
15.984281611828001,-7.0456770949846454
15.984281611828001,-7.0456770949846454
15.984281611828001,-7.0456770949846454
15.984281611828001,-7.0456770949846454
15.984281611828001,-7.0456770949846454
15.984281611828001,-7.0456770949846454
15.984281611828001,-7.0456770949846454
15.984281611828001,-7.0456770949846454
15.984281611828001,-7.0456770949846454
15.984281611828001,-7.0456770949846454
15.984281611828001,-7.0456770949846454
15.984281611828001,-7.0456770949846454
15.984281611828001,-7.0456770949846454
15.984281611828001,-7.0456770949846454
15.984281611828001,-7.0456770949846454
15.984281611828001,-7.0456770949846454
15.984281611828001,-7.0456770949846454
15.984281611828001,-7.0456770949846454
15.984281611828001,-7.0456770949846454
15.984281611828001,-7.0456770949846454
15.984281611828001,-7.0456770949846454
15.984281611828001,-7.0456770949846454
15.984281611828001,-7.0456770949846454
15.984281611828001,-7.0456770949846454
15.984281611828001,-7.0456770949846454
15.984281611828001,-7.0456770949846454
15.984281611828001,-7.0456770949846454
15.984281611828001,-7.0456770949846454
15.984281611828001,-7.0456770949846454
15.984281611828001,-7.0456770949846454
15.984281611828001,-7.0456770949846454
15.984281611828001,-7.0456770949846454
15.984281611828001,-7.0456770949846454
15.984281611828001,-7.0456770949846454
15.984281611828001,-7.0456770949846454
15.984281611828001,-7.0456770949846454
15.984281611828001,-7.0456770949846454
15.984281611828001,-7.0456770949846454
15.984281611828001,-7.0456770949846454
15.984281611828001,-7.0456770949846454
15.984281611828001,-7.0456770949846454
15.984281611828001,-7.0456770949846454
15.984281611828001,-7.0456770949846454
15.984281611828001,-7.0456770949846454
15.984281611828001,-7.0456770949846454
15.984281611828001,-7.0456770949846454
15.984281611828001,-7.0456770949846454
15.984281611828001,-7.0456770949846454
15.984281611828001,-7.0456770949846454
15.984281611828001,-7.0456770949846454
15.984281611828001,-7.0456770949846454
15.984281611828001,-7.0456770949846454
15.984281611828001,-7.0456770949846454
15.984281611828001,-7.0456770949846454
15.984281611828001,-7.0456770949846454
15.984281611828001,-7.0456770949846454
15.984281611828001,-7.0456770949846454
15.984281611828001,-7.0456770949846454
15.984281611828001,-7.0456770949846454
15.984281611828001,-7.0456770949846454
15.984281611828001,-7.0456770949846454
15.984281611828001,-7.0456770949846454
15.984281611828001,-7.0456770949846454
15.984281611828001,-7.0456770949846454
15.984281611828001,-7.0456770949846454
15.984281611828001,-7.0456770949846454
15.984281611828001,-7.0456770949846454
15.984281611828001,-7.0456770949846454
15.984281611828001,-7.0456770949846454
15.984281611828001,-7.0456770949846454
15.984281611828001,-7.0456770949846454
15.984281611828001,-7.0456770949846454
15.984281611828001,-7.0456770949846454
15.984281611828001,-7.0456770949846454
15.984281611828001,-7.0456770949846454
15.984281611828001,-7.0456770949846454
15.984281611828001,-7.0456770949846454
15.984281611828001,-7.0456770949846454
15.984281611828001,-7.0456770949846454
15.984281611828001,-7.0456770949846454
15.984281611828001,-7.0456770949846454
15.984281611828001,-7.0456770949846454
15.984281611828001,-7.0456770949846454
15.984281611828001,-7.0456770949846454
15.984281611828001,-7.0456770949846454
15.984281611828001,-7.0456770949846454
15.984281611828001,-7.0456770949846454
15.984281611828001,-7.0456770949846454
15.984281611828001,-7.0456770949846454
15.984281611828001,-7.0456770949846454
15.984281611828001,-7.0456770949846454
15.984281611828001,-7.0456770949846454
15.984281611828001,-7.0456770949846454
15.984281611828001,-7.0456770949846454
15.984281611828001,-7.0456770949846454
15.984281611828001,-7.0456770949846454
15.984281611828001,-7.0456770949846454
15.984281611828001,-7.0456770949846454
15.984281611828001,-7.0456770949846454
15.984281611828001,-7.0456770949846454
15.984281611828001,-7.0456770949846454
15.984281611828001,-7.0456770949846454
15.984281611828001,-7.0456770949846454
15.984281611828001,-7.0456770949846454
